alpha,m0_target,z_init,tau_z,m_mean,m_ci_low,m_ci_high,count,converged_fraction,median_r_active,median_r_z,max_t_final
0.1,0.5,all_open,0.1000000014901161,0.8479840978980064,0.8425116837024689,0.8529394125565887,8,1.0,1.204738673199259e-06,5.988010265411958e-08,64.00000000000064
0.1,0.5,all_open,0.3000000119209289,0.9121694639325142,0.90671207010746,0.9176406998187303,8,1.0,1.3015413399998075e-06,1.2411796035394218e-07,66.00000000000053
0.1,0.5,all_open,1.0,0.9745109677314758,0.9712857414036989,0.9778247321024537,8,1.0,1.392719325347609e-06,4.834744515846978e-07,60.00000000000058
0.1,0.5,all_open,3.0,0.9901084676384926,0.9879711866378784,0.9923097118735313,8,1.0,1.4353256557373935e-06,1.532688941097149e-06,71.00000000000024
0.1,0.5,all_open,10.0,0.9931486546993256,0.9909515490755438,0.9951281558722258,8,1.0,1.4137840918579098e-06,3.151341661578044e-05,149.99999999999577
0.1,0.5,all_open,30.0,0.9934020191431046,0.9912149244919419,0.9954277276992798,8,1.0,1.3931297982531025e-06,0.0011127292527816999,256.99999999998994
0.1,0.5,all_open,100.0,0.9934046417474747,0.991198743134737,0.9954482145607472,8,1.0,1.4229849545065058e-06,0.0019866403890773,703.0000000000913
0.1,0.5,all_open,300.0,0.9934054836630821,0.9912331327795982,0.9954682365059853,8,1.0,1.330561639629343e-06,0.0019963475642725,2007.9999999992688
0.1,0.5,random,0.1000000014901161,0.8106591776013374,0.8029965721070766,0.8190139755606651,8,1.0,1.1153208164489946e-06,5.97952087844078e-08,63.00000000000063
0.1,0.5,random,0.3000000119209289,0.8287229537963867,0.8213555052876472,0.8360147848725319,8,1.0,1.1849058529569854e-06,1.1798428189990775e-07,69.00000000000036
0.1,0.5,random,1.0,0.8516886532306671,0.8441440612077713,0.8594834249466657,8,1.0,1.2150693919986862e-06,4.4028831780451583e-07,68.00000000000041
0.1,0.5,random,3.0,0.8642659112811089,0.8568726364523173,0.8717888370156288,8,1.0,1.2039711395710595e-06,1.3567938594860607e-06,91.99999999999903
0.1,0.5,random,10.0,0.8666608110070229,0.8580903485417366,0.8755809467285871,8,1.0,1.2094224413884868e-06,1.3994064374855952e-05,233.999999999991
0.1,0.5,random,30.0,0.8668974936008453,0.85488316193223,0.8776744693517685,8,1.0,1.201285146345322e-06,0.00089231017045675,516.0000000000488
0.1,0.5,random,100.0,0.8678444176912308,0.8566696271300316,0.878070592880249,8,1.0,1.3919592999195358e-06,0.0019911909475922003,925.0000000001418
0.1,0.5,random,300.0,0.8601239249110222,0.8384447863325477,0.8766144625842571,8,1.0,1.4947008840465814e-06,0.0019956465112045,2791.999999998556
0.1,0.699999988079071,all_open,0.1000000014901161,0.9202563837170601,0.9173738658428192,0.9231745589524507,8,1.0,1.2835816815121987e-06,6.376233585569936e-08,58.00000000000056
0.1,0.699999988079071,all_open,0.3000000119209289,0.9600050449371338,0.9575245108455419,0.962834213860333,8,1.0,1.3525491195908495e-06,1.3406481258471104e-07,59.00000000000057
0.1,0.699999988079071,all_open,1.0,0.9879063293337822,0.9859592225402594,0.9896658468991518,8,1.0,1.3876770572216164e-06,4.95678250445053e-07,61.0000000000006
0.1,0.699999988079071,all_open,3.0,0.9933462738990784,0.9915722012519836,0.994953483529389,8,1.0,1.378783920652782e-06,1.540964376545162e-06,79.99999999999973
0.1,0.699999988079071,all_open,10.0,0.993474468588829,0.9913360178470612,0.9954480411484837,8,1.0,1.4174635256136327e-06,1.1367309070919873e-05,132.99999999999673
0.1,0.699999988079071,all_open,30.0,0.9934073984622955,0.9912223219871521,0.9954296872019768,8,1.0,1.3108725419873141e-06,0.0010731811053119,256.99999999998994
0.1,0.699999988079071,all_open,100.0,0.9934046491980553,0.991197612695396,0.9954401552677155,8,1.0,1.3966019959601409e-06,0.0019856019644065998,703.0000000000913
0.1,0.699999988079071,all_open,300.0,0.9934054836630821,0.9912019845098257,0.9954281024634838,8,1.0,1.4374275750784003e-06,0.0019959788769483002,2007.9999999992688
0.1,0.699999988079071,random,0.1000000014901161,0.8875612616539001,0.8834115158766508,0.8914719842374325,8,1.0,1.2450728140928543e-06,6.139828556683824e-08,66.00000000000053
0.1,0.699999988079071,random,0.3000000119209289,0.9001174867153168,0.8955157607793808,0.904995508491993,8,1.0,1.292498834859459e-06,1.3045040248016448e-07,62.00000000000061
0.1,0.699999988079071,random,1.0,0.9124098494648933,0.9080227464437485,0.9171141237020493,8,1.0,1.2864260230617272e-06,4.514406413136385e-07,65.00000000000058
0.1,0.699999988079071,random,3.0,0.916029192507267,0.9108356403186917,0.9208345785737038,8,1.0,1.3130733680615729e-06,1.4111608948041976e-06,82.99999999999956
0.1,0.699999988079071,random,10.0,0.9180154502391815,0.9131436495110392,0.9225231185555458,8,1.0,1.3164492047207242e-06,1.6621626855339855e-05,164.9999999999949
0.1,0.699999988079071,random,30.0,0.918616771697998,0.913404569029808,0.9232838908210397,8,1.0,1.2952826868650822e-06,0.00079770220327185,461.0000000000363
0.1,0.699999988079071,random,100.0,0.9181541576981544,0.9132097363471985,0.9227575084194541,8,1.0,1.4050138446104057e-06,0.0019850182579830003,889.0000000001336
0.1,0.699999988079071,random,300.0,0.9181997254490852,0.9132199142128229,0.9227646520361305,8,1.0,1.5607544744677394e-06,0.0019971473375334997,2759.9999999985853
0.1,0.8999999761581421,all_open,0.1000000014901161,0.974863737821579,0.9736423268914223,0.9762820824980736,8,1.0,1.3810190228411035e-06,6.483733017148552e-08,60.00000000000058
0.1,0.8999999761581421,all_open,0.3000000119209289,0.9871031120419502,0.9858641847968102,0.9883586233481765,8,1.0,1.4300092297335676e-06,1.338490349667154e-07,61.0000000000006
0.1,0.8999999761581421,all_open,1.0,0.993844635784626,0.9922806024551392,0.9951601330190897,8,1.0,1.3843476542448894e-06,4.821536379040481e-07,62.00000000000061
0.1,0.8999999761581421,all_open,3.0,0.9945348054170609,0.992857351899147,0.99603237118572,8,1.0,1.421452721938328e-06,1.551733362248342e-06,75.99999999999996
0.1,0.8999999761581421,all_open,10.0,0.9936358854174614,0.9915852472186089,0.995545294508338,8,1.0,1.3802092962317582e-06,1.9296143364044838e-05,135.99999999999656
0.1,0.8999999761581421,all_open,30.0,0.993411086499691,0.9912625921890139,0.9953965097665787,8,1.0,1.3343689849375063e-06,0.00107226695399725,256.99999999998994
0.1,0.8999999761581421,all_open,100.0,0.9934046640992165,0.9911988079547882,0.9954391095787287,8,1.0,1.387596779532936e-06,0.00198495679069305,703.0000000000913
0.1,0.8999999761581421,all_open,300.0,0.9934054836630821,0.9912218898534775,0.9954694755375385,8,1.0,1.4688675867917814e-06,0.0019957609474658498,2007.9999999992688
0.1,0.8999999761581421,random,0.1000000014901161,0.9610288366675377,0.9593992382287979,0.9627798423171043,8,1.0,1.3457315415796836e-06,6.430398258316927e-08,58.00000000000056
0.1,0.8999999761581421,random,0.3000000119209289,0.9650438502430916,0.9631583489477634,0.9670770540833473,8,1.0,1.375393464278224e-06,1.3308591917393642e-07,63.00000000000063
0.1,0.8999999761581421,random,1.0,0.9685845896601677,0.9665757803246379,0.9706010520458221,8,1.0,1.3881994570204859e-06,4.735219931717438e-07,67.00000000000047
0.1,0.8999999761581421,random,3.0,0.9699100255966187,0.9680482894182205,0.9717624336481094,8,1.0,1.3589358268032417e-06,1.4887606312186108e-06,102.99999999999842
0.1,0.8999999761581421,random,10.0,0.9705292657017708,0.9687072714790702,0.9722217947244645,8,1.0,1.3683380124402305e-06,1.7371373360219877e-05,167.99999999999474
0.1,0.8999999761581421,random,30.0,0.9701915085315704,0.968186616897583,0.972210249118507,8,1.0,1.35073278205533e-06,0.00045078997209199994,424.0000000000279
0.1,0.8999999761581421,random,100.0,0.9701175391674042,0.9680495111271739,0.9721015620976686,8,1.0,1.4366169888643054e-06,0.00177511601941655,1128.0000000000696
0.1,0.8999999761581421,random,300.0,0.9701181501150131,0.968059922941029,0.9721403706818819,8,1.0,1.6667427719486942e-06,0.00199866073671725,3325.9999999980705
0.2,0.5,all_open,0.1000000014901161,0.6892203316092491,0.6580278128385544,0.7225666590034961,8,1.0,1.175532401672e-05,7.228990455132589e-07,140.99999999999628
0.2,0.5,all_open,0.3000000119209289,0.7330749481916428,0.7037901684641839,0.7638427590951323,8,1.0,8.701754168465276e-06,1.165551168469392e-06,238.9999999999907
0.2,0.5,all_open,1.0,0.7735234647989273,0.7420846149325371,0.8049640286713838,8,1.0,5.091164985457363e-06,2.0810502405765874e-06,214.99999999999207
0.2,0.5,all_open,3.0,0.7311292663216591,0.7003739550709724,0.7663842735812068,8,1.0,2.561904230094691e-06,3.584165142456186e-06,308.00000000000153
0.2,0.5,all_open,10.0,0.612214207649231,0.5701891258358955,0.6496647983789444,8,1.0,1.541718592832467e-06,3.352617204654962e-05,495.00000000004405
0.2,0.5,all_open,30.0,0.45774709060788155,0.4179629199206829,0.4914979189634323,8,1.0,1.0932791201076825e-06,0.00066948489984495,272.9999999999936
0.2,0.5,all_open,100.0,0.302642036229372,0.274025687482208,0.3281601667404175,8,1.0,1.1598884378836883e-06,0.0019830785458907,720.0000000000952
0.2,0.5,all_open,300.0,0.2294032983481884,0.18508879812434317,0.27614661869592966,8,1.0,1.3835010489317574e-06,0.00199564429931335,2008.9999999992683
0.2,0.5,random,0.1000000014901161,0.6405916288495064,0.6120014330372214,0.6695638243108988,8,1.0,6.02594006924984e-06,3.706372808665037e-07,225.99999999999145
0.2,0.5,random,0.3000000119209289,0.6603046208620071,0.6407420923933387,0.6819664910435677,8,1.0,2.1224097966641083e-06,2.756197261533089e-07,274.99999999999403
0.2,0.5,random,1.0,0.6752051785588264,0.6521006524562836,0.6994273662567139,8,1.0,3.484497599042285e-06,1.3880112987862958e-06,359.0000000000132
0.2,0.5,random,3.0,0.659958504140377,0.6331588998436928,0.6867445483803749,8,1.0,3.2580479697229683e-06,4.307932499614253e-06,376.000000000017
0.2,0.5,random,10.0,0.6351893395185471,0.596500770561397,0.6702743630856276,8,1.0,1.41533858889912e-05,0.00011656127389867391,404.00000000002336
0.2,0.5,random,30.0,0.6056106239557266,0.5635968808084726,0.6477829141542315,8,1.0,1.0631978711557578e-06,0.00099223505822005,663.0000000000822
0.2,0.5,random,100.0,0.5589830279350281,0.5279524996876717,0.5903724573552609,8,1.0,9.050920711093049e-07,0.0019916933961212,1899.999999999368
0.2,0.5,random,300.0,0.5473455898463726,0.5028763032518327,0.5884832188487052,8,1.0,1.2341319710378956e-06,0.0019955910975113,3706.999999997724
0.2,0.699999988079071,all_open,0.1000000014901161,0.8050941973924637,0.7773839216679335,0.8336706906557083,8,1.0,5.002345128150807e-06,3.19224099598614e-07,231.9999999999911
0.2,0.699999988079071,all_open,0.3000000119209289,0.8414998278021812,0.8178694814443588,0.8654124051332474,8,1.0,5.4176093348845444e-06,7.111237323442765e-07,180.999999999994
0.2,0.699999988079071,all_open,1.0,0.8583030551671982,0.8393176758661867,0.8784062340855598,8,1.0,3.3655196711884328e-06,1.377275935965372e-06,179.99999999999406
0.2,0.699999988079071,all_open,3.0,0.8334290832281113,0.804768874682486,0.8623676151037216,8,1.0,4.798206134990934e-06,7.136369958971045e-06,199.99999999999287
0.2,0.699999988079071,all_open,10.0,0.676001064479351,0.6497495371848345,0.7045990085229278,8,1.0,1.5843805858244364e-06,2.2969154997554145e-05,283.9999999999961
0.2,0.699999988079071,all_open,30.0,0.48056650534272194,0.43941134614869953,0.5159554514102638,8,1.0,1.1577406373159237e-06,0.00091803973191415,306.0000000000011
0.2,0.699999988079071,all_open,100.0,0.3053651135414839,0.27624008283019064,0.32932257652282715,8,1.0,1.1070241202195147e-06,0.0019858320010825497,686.0000000000874
0.2,0.699999988079071,all_open,300.0,0.24687700346112249,0.20500633432529863,0.2914437670260668,8,1.0,1.0811139619630987e-06,0.0019975784234702,2002.999999999273
0.2,0.699999988079071,random,0.1000000014901161,0.7752253785729408,0.7477449616417289,0.801504835486412,8,1.0,1.1655200654277465e-06,9.003277412489297e-08,152.9999999999956
0.2,0.699999988079071,random,0.3000000119209289,0.7935951873660088,0.7697402983903885,0.8156503438949585,8,1.0,6.621082296785464e-06,9.137478826914958e-07,270.9999999999931
0.2,0.699999988079071,random,1.0,0.8108815401792526,0.7899688648059964,0.830627553164959,8,1.0,1.4499230397406008e-06,5.78316246446775e-07,171.99999999999451
0.2,0.699999988079071,random,3.0,0.8126805499196053,0.7949062660336494,0.8286901786923409,8,1.0,2.5485319557796e-06,3.6257901001590653e-06,233.999999999991
0.2,0.699999988079071,random,10.0,0.7798516899347305,0.7606080695986748,0.7990170121192932,8,1.0,2.1126052729832824e-06,2.154908816009993e-05,328.0000000000061
0.2,0.699999988079071,random,30.0,0.7297243550419807,0.6873830141499638,0.7677086219191551,8,1.0,1.2932820136107483e-06,0.00047859303595025,775.0000000001077
0.2,0.699999988079071,random,100.0,0.7244956791400909,0.687626970000565,0.7596878612414002,8,1.0,9.050857289529319e-07,0.0019823440816253,1653.9999999995912
0.2,0.699999988079071,random,300.0,0.7111710235476494,0.6702125765383243,0.7496719308197498,8,1.0,1.2077777986087857e-06,0.0019945710664614497,4353.999999998308
0.2,0.8999999761581421,all_open,0.1000000014901161,0.9113488867878914,0.8887902863323689,0.9289408475160599,8,1.0,1.6224507397413095e-06,1.0279746476271613e-07,147.99999999999588
0.2,0.8999999761581421,all_open,0.3000000119209289,0.918512761592865,0.8963291857391595,0.9373160600662231,8,1.0,1.42125865997133e-06,1.6179349415779143e-07,148.99999999999582
0.2,0.8999999761581421,all_open,1.0,0.9155172035098076,0.8948285132646561,0.93660918623209,8,1.0,4.996147521142579e-06,2.042556076276014e-06,226.9999999999914
0.2,0.8999999761581421,all_open,3.0,0.8757837116718292,0.8495301879942417,0.9044103771448135,8,1.0,2.0945546205837827e-06,2.7823328991871676e-06,217.9999999999919
0.2,0.8999999761581421,all_open,10.0,0.7452443018555641,0.7071283046156168,0.7823572158813477,8,1.0,1.2104785855945017e-06,1.1336911484249867e-05,209.99999999999235
0.2,0.8999999761581421,all_open,30.0,0.4977087303996086,0.45446738600730896,0.5349558556452393,8,1.0,1.1264614464581644e-06,0.00130222027655685,259.9999999999906
0.2,0.8999999761581421,all_open,100.0,0.31884084455668926,0.2930695954710245,0.341532170586288,8,1.0,1.0980084752838207e-06,0.001987729454413,705.0000000000917
0.2,0.8999999761581421,all_open,300.0,0.26693691313266754,0.22765464661642903,0.30646498710848386,8,1.0,1.2917441036682542e-06,0.0019974957685917,2018.9999999992592
0.2,0.8999999761581421,random,0.1000000014901161,0.8976670503616333,0.8774576261639595,0.916353203356266,8,1.0,2.148420673891994e-06,1.4171087059366982e-07,191.9999999999933
0.2,0.8999999761581421,random,0.3000000119209289,0.895828053355217,0.8748162850737572,0.9149126708507538,8,1.0,2.076093607218202e-06,2.472905364925282e-07,224.9999999999915
0.2,0.8999999761581421,random,1.0,0.9087831601500511,0.8947305357083678,0.9216379271820188,8,1.0,5.46006264367029e-06,2.317703064136367e-06,138.9999999999964
0.2,0.8999999761581421,random,3.0,0.897514820098877,0.87818244677037,0.914359912276268,8,1.0,1.9434982197055036e-06,2.4899154595914297e-06,257.99999999999017
0.2,0.8999999761581421,random,10.0,0.8851122632622719,0.8629400134086609,0.9041560757905245,8,1.0,5.81122167116556e-06,6.671521259704605e-05,340.0000000000088
0.2,0.8999999761581421,random,30.0,0.8734038323163986,0.8498871326446533,0.8938629552721977,8,1.0,9.650920267688516e-07,0.00024016986571945,380.0000000000179
0.2,0.8999999761581421,random,100.0,0.8462125211954117,0.8144013749435544,0.8780271261930466,8,1.0,8.358794221936834e-07,0.0019861422479152003,1257.9999999999511
0.2,0.8999999761581421,random,300.0,0.8382547199726105,0.805773638188839,0.8706236556172371,8,1.0,1.14357558945631e-06,0.0019957477925345,4327.999999998214
0.3,0.5,all_open,0.1000000014901161,0.6136335656046867,0.5932580083608627,0.6324595287442207,8,1.0,1.2716872801363963e-05,8.25310223717679e-07,353.00000000001177
0.3,0.5,all_open,0.3000000119209289,0.6477205380797386,0.6279552429914474,0.6685243502259255,8,1.0,8.39188963275945e-06,1.150581965703168e-06,590.0000000000656
0.3,0.5,all_open,1.0,0.6815720722079277,0.6590749844908714,0.7001854930073023,8,1.0,3.8110641527726594e-06,1.715406682478715e-06,240.9999999999906
0.3,0.5,all_open,3.0,0.6344312950968742,0.6060076057910919,0.6614157110452652,8,1.0,5.207781792178883e-06,7.245309006975731e-06,231.9999999999911
0.3,0.5,all_open,10.0,0.5141064636409283,0.4902747618965805,0.5381201654672623,8,1.0,1.6066332074763225e-06,2.4382307628911803e-05,429.00000000002905
0.3,0.5,all_open,30.0,0.36339840665459633,0.33168065939098595,0.3992607668042183,8,1.0,1.137346501913114e-06,0.00124830956337965,273.9999999999938
0.3,0.5,all_open,100.0,0.2706250213086605,0.22191840512678027,0.31600942276418204,8,1.0,1.1557043791033864e-06,0.00198188889771695,711.0000000000931
0.3,0.5,all_open,300.0,0.2542489767074585,0.21056970953941342,0.29287686571478844,8,1.0,9.553562378864714e-07,0.0019970618886873,1988.9999999992865
0.3,0.5,random,0.1000000014901161,0.5669970586895943,0.5452147424221039,0.5879258943721652,8,1.0,8.98735304071066e-06,6.105077261508995e-07,274.99999999999403
0.3,0.5,random,0.3000000119209289,0.5814475864171982,0.5583826994523406,0.6065521687269211,8,1.0,1.9292018786819754e-05,2.563425255175389e-06,363.0000000000141
0.3,0.5,random,1.0,0.6001603230834007,0.5816576108336449,0.6195907518267632,8,1.0,2.6600555127373177e-05,1.1689030088746222e-05,352.00000000001154
0.3,0.5,random,3.0,0.5649349689483643,0.54949801415205,0.580353669822216,8,1.0,4.895219034718287e-06,7.727435104243341e-06,391.0000000000204
0.3,0.5,random,10.0,0.5328368693590164,0.5146390125155449,0.5529183560982347,8,1.0,4.432777744409543e-06,7.224269211292267e-05,455.00000000003496
0.3,0.5,random,30.0,0.49832385405898094,0.46861071307212115,0.5283208824694157,8,1.0,1.4395797472883398e-06,0.00067109451629215,980.0000000001544
0.3,0.5,random,100.0,0.4703598953783512,0.4506092593073845,0.492699071764946,8,1.0,8.891038467338499e-07,0.0019896340090781,1724.9999999995266
0.3,0.5,random,300.0,0.4551437757909298,0.43082715198397636,0.48094452917575836,8,1.0,1.1686527908307606e-06,0.00199625664390615,3757.9999999976776
0.3,0.699999988079071,all_open,0.1000000014901161,0.7199916988611221,0.6994986701756716,0.7400232803076505,8,1.0,1.0684627423398445e-05,6.505628107333905e-07,239.99999999999065
0.3,0.699999988079071,all_open,0.3000000119209289,0.7501610368490219,0.7276585176587105,0.772022956982255,8,1.0,8.744697228989292e-06,1.2113412992675876e-06,259.9999999999906
0.3,0.699999988079071,all_open,1.0,0.7701463773846626,0.7451250975951552,0.7954821884632111,8,1.0,8.517547172447024e-06,3.906597385139321e-06,311.0000000000022
0.3,0.699999988079071,all_open,3.0,0.7138489112257957,0.6762211564928293,0.7493637422099708,8,1.0,2.4303733845271226e-05,3.398746775928885e-05,382.0000000000184
0.3,0.699999988079071,all_open,10.0,0.577675387263298,0.5528641939163208,0.5973928414285183,8,1.0,1.4936418305973165e-06,2.245802534162067e-05,328.0000000000061
0.3,0.699999988079071,all_open,30.0,0.4114900454878807,0.3843972947448492,0.43985515832901,8,1.0,1.0711199960967713e-06,0.0011542788124643,329.0000000000063
0.3,0.699999988079071,all_open,100.0,0.27209025993943214,0.2356793843209743,0.30823190645314746,8,1.0,1.0817379000363157e-06,0.0019853468984365,691.0000000000886
0.3,0.699999988079071,all_open,300.0,0.24584207497537136,0.2100542970001697,0.28957754601724445,8,1.0,1.0716276026758645e-06,0.0019959370838478,2045.999999999235
0.3,0.699999988079071,random,0.1000000014901161,0.6777871996164322,0.6602559715509415,0.6951346024870872,8,1.0,1.0537427515877448e-05,6.711172204632021e-07,503.0000000000459
0.3,0.699999988079071,random,0.3000000119209289,0.6829527467489243,0.6652679353952408,0.7022959515452385,8,1.0,2.5644137694790723e-06,3.275294488958025e-07,318.0000000000038
0.3,0.699999988079071,random,1.0,0.7007967755198479,0.6707057887688279,0.7273984178900719,8,1.0,7.227731884652038e-06,3.3338664024995524e-06,338.0000000000084
0.3,0.699999988079071,random,3.0,0.6880632191896439,0.6646076142787933,0.7106335610151291,8,1.0,9.131332331995408e-06,1.3512739315046929e-05,435.0000000000304
0.3,0.699999988079071,random,10.0,0.6384783610701561,0.616825889609754,0.6574270674958825,8,1.0,1.0792983345196916e-05,7.589005508631257e-05,363.0000000000141
0.3,0.699999988079071,random,30.0,0.5899932458996773,0.577278171479702,0.6012054234743118,8,1.0,1.5975024112662834e-06,0.00066927928128275,1033.000000000156
0.3,0.699999988079071,random,100.0,0.5818463787436485,0.5516163481399416,0.6121139004826546,8,1.0,8.844281334889897e-07,0.0019856322323903,1860.999999999403
0.3,0.699999988079071,random,300.0,0.5538777410984039,0.5252728916704654,0.5824893219396472,8,1.0,1.1523622177632028e-06,0.0019957309123128,7628.000000010219
0.3,0.8999999761581421,all_open,0.1000000014901161,0.811902791261673,0.7761070132255554,0.8467287644743919,8,1.0,4.2708865186428985e-06,2.66394025061345e-07,525.0000000000508
0.3,0.8999999761581421,all_open,0.3000000119209289,0.8267657607793808,0.8134590983390808,0.8437769746407866,8,1.0,2.814927816182237e-05,4.11515316045552e-06,355.0000000000122
0.3,0.8999999761581421,all_open,1.0,0.8241701722145081,0.799104206264019,0.85115747153759,8,1.0,1.322520017018552e-06,5.541475047721178e-07,352.00000000001154
0.3,0.8999999761581421,all_open,3.0,0.7676560059189796,0.7423351971432567,0.7941640114411712,8,1.0,9.250659693371154e-06,1.3700144450012885e-05,408.0000000000243
0.3,0.8999999761581421,all_open,10.0,0.6191410273313522,0.5979281589388847,0.6407171549275518,8,1.0,1.3179030721051395e-06,3.0799725209362805e-05,369.0000000000154
0.3,0.8999999761581421,all_open,30.0,0.42516959086060524,0.40723954066634177,0.44644690519198776,8,1.0,1.0412083977416347e-06,0.00135209091240535,245.9999999999903
0.3,0.8999999761581421,all_open,100.0,0.28693106584250927,0.25661958698183296,0.3159746057353914,8,1.0,1.0492490431417041e-06,0.0019896232988684997,706.000000000092
0.3,0.8999999761581421,all_open,300.0,0.2423713114112615,0.2056944221258163,0.2847628500312566,8,1.0,1.0397867025812791e-06,0.0019985117251053,1996.9999999992792
0.3,0.8999999761581421,random,0.1000000014901161,0.7992127761244774,0.7625408694148064,0.8361263336613773,8,1.0,1.3103939998844492e-05,8.202304115911829e-07,263.9999999999916
0.3,0.8999999761581421,random,0.3000000119209289,0.822461262345314,0.7999461218714714,0.8456086501479149,8,1.0,2.4850618654124027e-06,3.121374874126559e-07,223.9999999999916
0.3,0.8999999761581421,random,1.0,0.8059291914105415,0.7703727332875132,0.838161826133728,8,1.0,2.185178391354801e-06,8.321746349793102e-07,406.0000000000238
0.3,0.8999999761581421,random,3.0,0.7806601300835609,0.7576490614563227,0.8061848444864154,8,1.0,3.0433732209621153e-06,4.380309292173479e-06,315.0000000000031
0.3,0.8999999761581421,random,10.0,0.7526076510548592,0.7175178900361061,0.7830695509910583,8,1.0,2.664234368115921e-06,3.1606447919330094e-05,485.0000000000418
0.3,0.8999999761581421,random,30.0,0.7214772403240204,0.6892335310578346,0.7521719500422478,8,1.0,1.6733384769858104e-06,0.00095833220984785,577.0000000000626
0.3,0.8999999761581421,random,100.0,0.686175748705864,0.6569795407354831,0.7132939100265503,8,1.0,9.173699154713975e-07,0.0019896217854693003,1618.999999999623
0.3,0.8999999761581421,random,300.0,0.6750244200229645,0.639231339097023,0.7071483740583062,8,1.0,1.0278060962132234e-06,0.00199647422414265,3738.999999997695
0.4,0.5,all_open,0.1000000014901161,0.5492201149463654,0.5275874510407448,0.5681074477732182,8,1.0,1.6410909506685193e-06,1.0661591431926354e-07,424.0000000000279
0.4,0.5,all_open,0.3000000119209289,0.5983297377824783,0.5779044512659312,0.6151736676692963,8,1.0,9.855240811335736e-06,1.3853732525603846e-06,380.0000000000179
0.4,0.5,all_open,1.0,0.6260291337966919,0.6063672304153442,0.6446231549605728,8,1.0,1.3915156438814896e-05,6.599336074941675e-06,320.00000000000426
0.4,0.5,all_open,3.0,0.5672484673559666,0.5385908036492765,0.5931958109140396,8,1.0,1.6731221076023081e-06,1.9558469261937717e-06,447.00000000003314
0.4,0.5,all_open,10.0,0.46533770114183426,0.4306564927101135,0.49483408518135547,8,1.0,1.2417531909091964e-06,3.3198835808434524e-05,254.9999999999898
0.4,0.5,all_open,30.0,0.3824216350913048,0.34488828107714653,0.415323877800256,8,1.0,1.0713885673620547e-06,0.0006783483258914001,278.99999999999494
0.4,0.5,all_open,100.0,0.28465621545910835,0.2581913576461375,0.3087681420147419,8,1.0,1.09745693479672e-06,0.0019898900063708,712.0000000000933
0.4,0.5,all_open,300.0,0.2527194637805223,0.21804029885679477,0.2875797587446868,8,1.0,1.0843751355613775e-06,0.0019974912283941496,1995.99999999928
0.4,0.5,random,0.1000000014901161,0.548192486166954,0.5316041931509972,0.5680502280592918,8,1.0,1.048505880538054e-06,8.039629406653148e-08,372.0000000000161
0.4,0.5,random,0.3000000119209289,0.5439514741301537,0.5210057720541954,0.5668971762061119,8,1.0,6.723146263654389e-06,9.98991396272686e-07,284.9999999999963
0.4,0.5,random,1.0,0.552872434258461,0.5318522453308105,0.573754571378231,8,1.0,1.1354160146413738e-06,4.88857139657739e-07,514.0000000000483
0.4,0.5,random,3.0,0.5351507365703583,0.5082877766340971,0.5626746259629727,8,1.0,1.3977456065094685e-06,1.8183059182774741e-06,593.0000000000663
0.4,0.5,random,10.0,0.5037672929465771,0.48594816233962773,0.5232536789961159,8,1.0,9.883079252533319e-07,2.933334599219961e-05,397.00000000002177
0.4,0.5,random,30.0,0.4741372875869274,0.4516798754222691,0.4975334836170077,8,1.0,1.0653103849242895e-06,0.00057690292305775,1344.9999999998722
0.4,0.5,random,100.0,0.449071254581213,0.43231798335909843,0.4653342589735985,8,1.0,8.941720353343336e-07,0.00198858196381475,2333.9999999989727
0.4,0.5,random,300.0,0.41068775951862335,0.3921517607755959,0.431228157132864,8,1.0,1.0440266311645531e-06,0.0019964135717600003,4984.0000000006
0.4,0.699999988079071,all_open,0.1000000014901161,0.6605695709586143,0.6391706988215446,0.6799430077895522,8,1.0,1.7914442463210505e-05,1.1679445606205263e-06,481.00000000004087
0.4,0.699999988079071,all_open,0.3000000119209289,0.6823213249444962,0.6469224773347377,0.7178017852827907,8,1.0,4.827441191323448e-06,6.928860045718466e-07,635.0000000000758
0.4,0.699999988079071,all_open,1.0,0.7068360224366188,0.6711047286167741,0.7395414039492607,8,1.0,1.6392477366860798e-06,6.450460716678208e-07,447.00000000003314
0.4,0.699999988079071,all_open,3.0,0.6409397795796394,0.6059199869632721,0.6742648035287857,8,1.0,1.468389339845602e-06,1.8786627720146498e-06,426.0000000000284
0.4,0.699999988079071,all_open,10.0,0.5198634453117847,0.48738785460591316,0.552749902009964,8,1.0,2.017460708218465e-06,1.7875770936370827e-05,363.0000000000141
0.4,0.699999988079071,all_open,30.0,0.4008309282362461,0.3641565218567848,0.43094972148537636,8,1.0,1.0330722939873673e-06,0.00114702267455865,298.9999999999995
0.4,0.699999988079071,all_open,100.0,0.3080387320369482,0.27819211035966873,0.33512650905176994,8,1.0,1.099328042717246e-06,0.0016356938285752502,720.0000000000952
0.4,0.699999988079071,all_open,300.0,0.2719960045069456,0.24510397017002103,0.30377135435119273,8,1.0,1.077500108473794e-06,0.0019954164745286003,2015.999999999262
0.4,0.699999988079071,random,0.1000000014901161,0.6437761932611465,0.622006006538868,0.662280554883182,8,1.0,9.485997749433722e-07,6.832310006643638e-08,325.0000000000054
0.4,0.699999988079071,random,0.3000000119209289,0.6429488658905029,0.6046388372778893,0.6679870709776878,8,1.0,1.6450190494604123e-06,2.0248642584874688e-07,365.0000000000145
0.4,0.699999988079071,random,1.0,0.6480562835931778,0.6252960242331028,0.6702489873394369,8,1.0,1.113141841537326e-06,4.797065713546544e-07,328.0000000000061
0.4,0.699999988079071,random,3.0,0.6396474987268448,0.6128796935081482,0.664773909561336,8,1.0,1.7277121284282954e-06,2.337496027848829e-06,295.9999999999988
0.4,0.699999988079071,random,10.0,0.6168159022927284,0.5848378052935004,0.6444757789373398,8,1.0,1.1387883299438674e-06,1.5772552615089808e-05,616.0000000000715
0.4,0.699999988079071,random,30.0,0.5841075405478477,0.5620525695383549,0.6046910509467125,8,1.0,3.6162954486724756e-06,0.0009170748526229999,859.0000000001268
0.4,0.699999988079071,random,100.0,0.5487253330647945,0.5201676479540766,0.5784007012844086,8,1.0,8.90770766128989e-07,0.0019907465903088,1826.9999999994336
0.4,0.699999988079071,random,300.0,0.5120884627103806,0.47670161286368967,0.5423750542104244,8,1.0,1.1053484283284071e-06,0.00199439178686585,5895.0000000039145
0.4,0.8999999761581421,all_open,0.1000000014901161,0.7414289712905884,0.698269322887063,0.7845588997006416,8,1.0,9.116112508610801e-07,7.070439167478072e-08,337.00000000000813
0.4,0.8999999761581421,all_open,0.3000000119209289,0.7609418481588364,0.7266226971521974,0.796225356683135,8,1.0,1.359055039152877e-06,1.5625119687001646e-07,501.0000000000454
0.4,0.8999999761581421,all_open,1.0,0.7709183394908905,0.7324573421850801,0.8090186832472682,8,1.0,3.279288994041063e-06,1.3320722018761444e-06,252.9999999999899
0.4,0.8999999761581421,all_open,3.0,0.7063102945685387,0.6748659521341324,0.7359456568956375,8,1.0,1.1698799778915394e-06,1.604610588401556e-06,464.000000000037
0.4,0.8999999761581421,all_open,10.0,0.5387713573873043,0.5103757046163082,0.5705762133002281,8,1.0,1.1234276712167185e-06,1.2043062270095106e-05,271.9999999999933
0.4,0.8999999761581421,all_open,30.0,0.4111385829746723,0.37344279335811736,0.4438876210711896,8,1.0,1.0075875088802802e-06,0.00041955652704925,298.9999999999995
0.4,0.8999999761581421,all_open,100.0,0.30128956213593483,0.2731083154678345,0.32801936557516453,8,1.0,1.0650663923304998e-06,0.00166106055257835,718.0000000000947
0.4,0.8999999761581421,all_open,300.0,0.26753899827599525,0.233143237279728,0.29995594802312553,8,1.0,1.0295729327284072e-06,0.0019961269572376502,1994.999999999281
0.4,0.8999999761581421,random,0.1000000014901161,0.7407140508294106,0.6949883252382278,0.7851435989141464,8,1.0,1.3564366158985865e-06,9.468240236287786e-08,532.0000000000524
0.4,0.8999999761581421,random,0.3000000119209289,0.7378072217106819,0.7008472269400954,0.770012273453176,8,1.0,9.81222093971826e-07,1.2283259209766584e-07,391.0000000000204
0.4,0.8999999761581421,random,1.0,0.7318108081817627,0.6942578027024865,0.7653724696487189,8,1.0,1.1265226183225622e-06,5.03317437505757e-07,456.0000000000352
0.4,0.8999999761581421,random,3.0,0.7338985204696655,0.6925579905509949,0.7671879101544619,8,1.0,1.0126514726168918e-06,1.4546487818734022e-06,571.0000000000613
0.4,0.8999999761581421,random,10.0,0.694259375333786,0.658570559695363,0.728446289896965,8,1.0,1.0957303658523696e-06,2.1552787075052038e-05,462.00000000003655
0.4,0.8999999761581421,random,30.0,0.6627024859189987,0.6319522233679891,0.6922710420563817,8,1.0,9.688177643077508e-07,0.0008092239149846,892.0000000001343
0.4,0.8999999761581421,random,100.0,0.6199187561869621,0.5760183023288846,0.6525139138102531,8,1.0,9.14110007640439e-07,0.001932504994329,2052.9999999992283
0.4,0.8999999761581421,random,300.0,0.6318686529994011,0.6029185390099883,0.6597206369042397,8,1.0,9.288861135047459e-07,0.0019961269572376997,3927.999999997523
0.5,0.5,all_open,0.1000000014901161,0.5136798918247223,0.4972124917432666,0.5301456168293953,8,1.0,1.2290799919348446e-06,8.709444543342215e-08,464.000000000037
0.5,0.5,all_open,0.3000000119209289,0.555600956082344,0.5320585817098618,0.5790557423606515,8,1.0,1.9905741337996043e-06,2.5422659177820606e-07,458.0000000000357
0.5,0.5,all_open,1.0,0.6002277433872223,0.5783087015151978,0.6234631538391113,8,1.0,1.0131583745034926e-06,4.522543122220668e-07,358.0000000000129
0.5,0.5,all_open,3.0,0.5395933799445629,0.5093935850076378,0.5702967179939151,8,1.0,1.0699326006832682e-06,1.4140709367893578e-06,220.99999999999173
0.5,0.5,all_open,10.0,0.4448513947427273,0.4118419848382473,0.4774332195520401,8,1.0,1.0310006241503239e-06,1.6713393051759336e-05,464.000000000037
0.5,0.5,all_open,30.0,0.3524620309472084,0.319644782692194,0.38445868724957105,8,1.0,1.0941505650271268e-06,0.0005627264035865,377.0000000000172
0.5,0.5,all_open,100.0,0.28586225025355816,0.25493739545345306,0.3174974322319031,8,1.0,1.0908298038663754e-06,0.0019926014356314503,708.0000000000924
0.5,0.5,all_open,300.0,0.23948598280549044,0.21015221439301965,0.27433194289915247,8,1.0,1.1100365836553733e-06,0.00199627655092625,2000.999999999276
0.5,0.5,random,0.1000000014901161,0.5242250859737396,0.49927380830049517,0.5477683171629906,8,1.0,9.461887935637625e-07,6.44238014047005e-08,377.0000000000172
0.5,0.5,random,0.3000000119209289,0.5208808779716492,0.5062794461846352,0.5391919322311878,8,1.0,8.937273509404259e-07,1.087443983749381e-07,412.0000000000252
0.5,0.5,random,1.0,0.5325669981539249,0.5103831104934216,0.5566952852532268,8,1.0,9.988085914946086e-07,4.404142970315661e-07,640.000000000077
0.5,0.5,random,3.0,0.48931607976555824,0.4613853134214878,0.5236555465497077,8,1.0,1.2255646123181093e-06,1.663747468683141e-06,460.0000000000361
0.5,0.5,random,10.0,0.4588065780699253,0.43124736100435257,0.48580102249979973,8,1.0,9.881821800525455e-07,1.0734996976680122e-05,437.00000000003087
0.5,0.5,random,30.0,0.441576037555933,0.40953536331653595,0.47251106798648834,8,1.0,9.173879271533304e-07,0.00064746636780905,1481.9999999997476
0.5,0.5,random,100.0,0.39937080070376396,0.35148795135319233,0.4439530074596405,8,1.0,9.439275975962992e-07,0.0019832882098853,1826.9999999994336
0.5,0.5,random,300.0,0.4017331637442112,0.3636824063025415,0.43863766640424723,8,1.0,1.0601595885305922e-06,0.0019975489703938,4662.9999999994325
0.5,0.699999988079071,all_open,0.1000000014901161,0.6389028877019882,0.5969272466376424,0.6777936447411775,8,1.0,1.1257743401181115e-06,7.718413641555344e-08,340.0000000000088
0.5,0.699999988079071,all_open,0.3000000119209289,0.6593239530920982,0.6191906034946442,0.7004080293700099,8,1.0,1.1498560220717557e-06,1.3819850863683314e-07,263.9999999999916
0.5,0.699999988079071,all_open,1.0,0.6484203189611435,0.6134718433022499,0.6843298003077507,8,1.0,1.105501422417977e-06,4.7367711886181496e-07,630.0000000000747
0.5,0.699999988079071,all_open,3.0,0.6262028738856316,0.5920703262090683,0.6669995259493589,8,1.0,1.0674895101190973e-06,1.5005514342192328e-06,403.0000000000232
0.5,0.699999988079071,all_open,10.0,0.48587730899453163,0.45438461378216743,0.520709466189146,8,1.0,1.0949633531284937e-06,3.4648485780053306e-05,282.99999999999585
0.5,0.699999988079071,all_open,30.0,0.3726869001984596,0.3374299333430827,0.4100111126899719,8,1.0,1.1122375888577336e-06,0.0008420826052315,256.99999999998994
0.5,0.699999988079071,all_open,100.0,0.3025828916579485,0.27573566883802414,0.3281045694835484,8,1.0,1.1000226331190546e-06,0.0019870147807523,708.0000000000924
0.5,0.699999988079071,all_open,300.0,0.28400113619863987,0.25842553377151484,0.3108000587671995,8,1.0,1.1073805576411166e-06,0.0019946529064327,1987.999999999288
0.5,0.699999988079071,random,0.1000000014901161,0.6061241328716278,0.5797591879963875,0.6446103302761912,8,1.0,9.24328851832052e-07,6.302624910858867e-08,578.0000000000629
0.5,0.699999988079071,random,0.3000000119209289,0.622323602437973,0.5768224183470011,0.6666141780093312,8,1.0,9.740520304424167e-07,1.1536909028109224e-07,527.0000000000513
0.5,0.699999988079071,random,1.0,0.6177342385053635,0.5911203771829605,0.6473453365266323,8,1.0,9.694667805206135e-07,4.50330134071919e-07,353.00000000001177
0.5,0.699999988079071,random,3.0,0.6349080950021744,0.6097537258639931,0.6656414344906807,8,1.0,9.043916959936093e-07,1.3544869261750137e-06,461.0000000000363
0.5,0.699999988079071,random,10.0,0.572057455778122,0.5419512689113617,0.6031161397695541,8,1.0,9.596436657293318e-07,3.9069731428753585e-05,373.0000000000163
0.5,0.699999988079071,random,30.0,0.5217106752097607,0.49683265956118705,0.5502106249332428,8,1.0,9.520935840024486e-07,0.0008037296356633,802.0000000001138
0.5,0.699999988079071,random,100.0,0.49793747812509537,0.4768936445005238,0.5216358426958322,8,1.0,9.53729632416016e-07,0.00196721847169095,1603.9999999996369
0.5,0.699999988079071,random,300.0,0.5093451477587223,0.4852636456489563,0.5373727273195982,8,1.0,1.0191895691888425e-06,0.0019952432485297,5412.000000002157
0.5,0.8999999761581421,all_open,0.1000000014901161,0.7150004133582115,0.6804947853088379,0.746517583169043,8,1.0,9.612760242933147e-07,7.112278055387834e-08,277.9999999999947
0.5,0.8999999761581421,all_open,0.3000000119209289,0.7046395093202591,0.6739946082234383,0.7386726258322597,8,1.0,9.737140556515563e-07,1.2250911396449737e-07,388.0000000000197
0.5,0.8999999761581421,all_open,1.0,0.6857016831636429,0.6421110928058624,0.726347498036921,8,1.0,1.0225376162201318e-06,4.7328775565347314e-07,290.99999999999767
0.5,0.8999999761581421,all_open,3.0,0.6680553779006004,0.6441686671227217,0.6943889137357473,8,1.0,1.1157542570658432e-06,1.4591619788006938e-06,253.99999999998985
0.5,0.8999999761581421,all_open,10.0,0.5247557163238525,0.49917828664183617,0.5512784902006388,8,1.0,1.1680015898744447e-06,2.8055690563633107e-05,308.00000000000153
0.5,0.8999999761581421,all_open,30.0,0.39762459695339203,0.3642983328551054,0.42903442680835724,8,1.0,1.0923295241531097e-06,0.00112039651139635,271.9999999999933
0.5,0.8999999761581421,all_open,100.0,0.31227050721645355,0.2900992766954005,0.3396000787615776,8,1.0,1.1368052163864958e-06,0.0019855193095281,839.0000000001222
0.5,0.8999999761581421,all_open,300.0,0.28053187020123005,0.25993057154119015,0.3009963817894459,8,1.0,1.1481507745492035e-06,0.0019965606043115,1993.999999999282
0.5,0.8999999761581421,random,0.1000000014901161,0.7053761854767799,0.6625225245952606,0.7453788593411446,8,1.0,9.779883902528963e-07,6.764166826656037e-08,615.0000000000713
0.5,0.8999999761581421,random,0.3000000119209289,0.7076898962259293,0.670530304312706,0.7474215321242809,8,1.0,1.0524971453137738e-06,1.3273710308681075e-07,434.0000000000302
0.5,0.8999999761581421,random,1.0,0.7115679159760475,0.6639468312263489,0.7565209792926907,8,1.0,9.705375902673889e-07,4.549883385607245e-07,359.0000000000132
0.5,0.8999999761581421,random,3.0,0.7036075592041016,0.6710519501939416,0.738969257287681,8,1.0,9.257144207725621e-07,1.407512286277779e-06,336.0000000000079
0.5,0.8999999761581421,random,10.0,0.6647531241178513,0.634232796728611,0.6963105499744415,8,1.0,9.53418730322598e-07,2.3388202862406615e-05,349.00000000001086
0.5,0.8999999761581421,random,30.0,0.608935035765171,0.5722719971090555,0.6478009914979339,8,1.0,9.855344378380296e-07,0.00079015447408885,841.0000000001227
0.5,0.8999999761581421,random,100.0,0.5775283575057983,0.5481426127254962,0.6073630198836326,8,1.0,9.912916149270077e-07,0.0019841857720166002,1548.999999999687
0.5,0.8999999761581421,random,300.0,0.5578749962151051,0.5311398549936712,0.5842101201415062,8,1.0,9.952582769046283e-07,0.00199796678498385,4156.999999997592
